algoritmo,dataset,clasificador,tamano_poblacion,generaciones,tasa_mutacion,tasa_exito,num_pares_medios,dist_l2_media,features_cambiadas_media,tiempo_ejecucion_medio,generaciones_convergencia_media,historial_fitness,muestras,ancho_banda,max_iters,score_seleccion
gs,diabetes,mlp,,,,1.0,30.0,0.9969695321130849,1.7166666666666666,0.7113494873046875,1.0,[0.9970 ... 0.9970],100.0,0.5,60.0,0.9645628055052693
gs,diabetes,mlp,,,,1.0,30.0,0.9253100835138564,1.7166666666666668,0.7686206102371216,1.0,[0.9253 ... 0.9253],500.0,0.8,20.0,0.9640248160798413
gs,diabetes,mlp,,,,1.0,30.0,0.9969695321130849,1.7166666666666666,0.763137936592102,1.0,[0.9970 ... 0.9970],100.0,0.5,40.0,0.9638257575370559
gs,diabetes,mlp,,,,1.0,30.0,0.9253100835138564,1.7166666666666668,0.8187447786331177,1.0,[0.9253 ... 0.9253],500.0,0.8,60.0,0.9633114539888155
gs,diabetes,mlp,,,,1.0,30.0,0.9969695321130849,1.7166666666666666,0.8103148937225342,1.0,[0.9970 ... 0.9970],100.0,0.5,20.0,0.9631543398584439
gs,diabetes,mlp,,,,1.0,30.0,0.9253100835138564,1.7166666666666668,0.8488245010375977,1.0,[0.9253 ... 0.9253],500.0,0.8,40.0,0.962883362424235
gs,diabetes,mlp,,,,1.0,30.0,1.0496035496810867,1.8166666666666667,0.728084921836853,1.0,[1.0496 ... 1.0496],100.0,0.8,20.0,0.9628711072103501
gs,diabetes,mlp,,,,1.0,30.0,1.0496035496810867,1.8166666666666667,0.7470978498458862,1.0,[1.0496 ... 1.0496],100.0,0.8,60.0,0.9626005171434209
gs,diabetes,mlp,,,,1.0,30.0,1.0496035496810867,1.8166666666666667,0.7910051345825195,1.0,[1.0496 ... 1.0496],100.0,0.8,40.0,0.9619756331113599
gs,diabetes,mlp,,,,1.0,30.0,0.9125637948563523,2.0166666666666666,0.7213883399963379,1.0,[0.9126 ... 0.9126],500.0,0.5,60.0,0.9609963073652089
gs,diabetes,mlp,,,,1.0,30.0,0.9767322488137278,2.033333333333333,0.7276917695999146,1.0,[0.9767 ... 0.9767],300.0,0.8,60.0,0.9604501424787627
gs,diabetes,mlp,,,,1.0,30.0,0.9767322488137278,2.033333333333333,0.7335571050643921,1.0,[0.9767 ... 0.9767],300.0,0.8,40.0,0.9603666676181236
gs,diabetes,mlp,,,,1.0,30.0,0.9125637948563523,2.0166666666666666,0.7703403234481812,1.0,[0.9126 ... 0.9126],500.0,0.5,40.0,0.9602996276916593
gs,diabetes,mlp,,,,1.0,30.0,0.9767322488137278,2.033333333333333,0.7985692024230957,1.0,[0.9767 ... 0.9767],300.0,0.8,20.0,0.9594414220290618
gs,diabetes,mlp,,,,1.0,30.0,0.9125637948563523,2.0166666666666666,0.8424227237701416,1.0,[0.9126 ... 0.9126],500.0,0.5,20.0,0.9592737582664831
gs,diabetes,mlp,,,,1.0,30.0,0.9548390448791628,2.1166666666666667,0.7802932262420654,1.0,[0.9548 ... 0.9548],300.0,0.5,60.0,0.9587445122099122
gs,diabetes,mlp,,,,1.0,30.0,0.9548390448791628,2.1166666666666667,0.8121765851974487,1.0,[0.9548 ... 0.9548],300.0,0.5,40.0,0.958290751472504
gs,diabetes,mlp,,,,1.0,30.0,0.9548390448791628,2.1166666666666667,0.8426488637924194,1.0,[0.9548 ... 0.9548],300.0,0.5,20.0,0.9578570730879551
gs,diabetes,mlp,,,,1.0,30.0,0.9566270781239592,2.1833333333333336,0.8403255939483643,1.0,[0.9566 ... 0.9566],100.0,0.2,40.0,0.9570498904625887
gs,diabetes,mlp,,,,1.0,30.0,0.9109249814328849,2.1166666666666667,0.9352127313613892,1.0,[0.9109 ... 0.9109],500.0,0.2,40.0,0.9567095171119225
gs,diabetes,mlp,,,,1.0,30.0,0.9566270781239592,2.1833333333333336,0.88362717628479,1.0,[0.9566 ... 0.9566],100.0,0.2,60.0,0.9564336267257781
gs,diabetes,mlp,,,,1.0,30.0,0.9109249814328849,2.1166666666666667,0.9741629362106323,1.0,[0.9109 ... 0.9109],500.0,0.2,60.0,0.9561551817390616
gs,diabetes,mlp,,,,1.0,30.0,0.9181558013637309,2.416666666666667,0.8362268209457397,1.0,[0.9182 ... 0.9182],300.0,0.2,40.0,0.9543403149755805
gs,diabetes,mlp,,,,1.0,30.0,0.9181558013637309,2.416666666666667,0.8969721794128418,1.0,[0.9182 ... 0.9182],300.0,0.2,60.0,0.9534757931825432
gs,diabetes,mlp,,,,0.9833333333333333,29.5,0.8883540246695502,2.18735632183908,0.8187788724899292,1.0,[0.8884 ... 0.8884],100.0,0.2,20.0,0.9509035803379673
gs,diabetes,mlp,,,,0.9833333333333333,29.5,0.8413634336111815,2.1206896551724137,0.9056249856948853,1.0,[0.8414 ... 0.8414],500.0,0.2,20.0,0.9506826282836169
gs,diabetes,mlp,,,,0.9833333333333333,29.5,0.8353564709909114,2.3948275862068966,1.0105453729629517,1.0,[0.8354 ... 0.8354],300.0,0.2,20.0,0.9457859150881917
gs,diabetes,arbol_decision,,,,1.0,30.0,5.694719290984359,2.166666666666667,0.9639146327972412,1.0,[5.6947 ... 5.6947],300.0,0.8,40.0,0.937178416318816
gs,diabetes,svm,,,,1.0,30.0,2.778954531298001,2.4,1.5835258960723877,1.0,[2.7790 ... 2.7790],100.0,0.8,40.0,0.9367179660834508
gs,diabetes,arbol_decision,,,,1.0,30.0,5.564204285281216,2.3666666666666667,0.874315619468689,1.0,[5.5642 ... 5.5642],500.0,0.8,40.0,0.9364582460750351
gs,diabetes,arbol_decision,,,,1.0,30.0,5.694719290984359,2.166666666666667,1.031400203704834,1.0,[5.6947 ... 5.6947],300.0,0.8,60.0,0.9362179685045724
gs,diabetes,arbol_decision,,,,1.0,30.0,5.50764596974601,2.3,0.9692790508270264,1.0,[5.5076 ... 5.5076],300.0,0.5,60.0,0.9361587649321624
gs,diabetes,svm,,,,1.0,30.0,2.778954531298001,2.4,1.6401057243347168,1.0,[2.7790 ... 2.7790],100.0,0.8,60.0,0.9359127276946515
gs,diabetes,arbol_decision,,,,1.0,30.0,6.033148905197679,2.35,0.8014847040176392,1.0,[6.0331 ... 6.0331],100.0,0.8,40.0,0.9358898216234398
gs,diabetes,arbol_decision,,,,1.0,30.0,5.564204285281216,2.3666666666666667,1.0057642459869385,1.0,[5.5642 ... 5.5642],500.0,0.8,60.0,0.9345874825277036
gs,diabetes,arbol_decision,,,,1.0,30.0,6.033148905197679,2.35,0.9664962291717529,1.0,[6.0331 ... 6.0331],100.0,0.8,60.0,0.9335413942999711
gs,diabetes,arbol_decision,,,,1.0,30.0,5.532928651925708,2.5166666666666666,1.0223294496536255,1.0,[5.5329 ... 5.5329],500.0,0.5,60.0,0.9325976625069923
gs,diabetes,arbol_decision,,,,1.0,30.0,5.89533516771011,2.35,1.0999037027359009,1.0,[5.8953 ... 5.8953],100.0,0.5,60.0,0.9321756404979963
gs,diabetes,svm,,,,1.0,30.0,2.6368789967889668,2.6333333333333333,1.866015076637268,1.0,[2.6369 ... 2.6369],100.0,0.5,60.0,0.9303303090490217
gs,diabetes,svm,,,,0.9833333333333333,29.5,2.54472166302957,2.3942528735632185,1.6591014862060547,1.0,[2.5447 ... 2.5447],100.0,0.8,20.0,0.9299532684938506
gs,diabetes,arbol_decision,,,,0.9666666666666667,29.0,4.93819690533042,2.3275862068965516,1.023018479347229,1.0,[4.9382 ... 4.9382],300.0,0.5,40.0,0.923917692980166
gs,diabetes,svm,,,,0.9833333333333333,29.5,2.4204467314530076,2.668390804597701,1.9111604690551758,1.0,[2.4204 ... 2.4204],100.0,0.5,40.0,0.9234198034411073
gs,diabetes,arbol_decision,,,,0.9666666666666667,29.0,5.292019329752061,2.344827586206897,0.9651256799697876,1.0,[5.2920 ... 5.2920],100.0,0.5,40.0,0.9231579660978432
gs,diabetes,arbol_decision,,,,0.9666666666666667,29.0,4.9439588396883085,2.4482758620689653,1.117217779159546,1.0,[4.9440 ... 4.9440],500.0,0.5,40.0,0.9210461575734102
gs,diabetes,svm,,,,0.95,28.5,2.0878033630866417,2.5160098522167487,1.8081213235855103,1.0,[2.0878 ... 2.0878],100.0,0.5,20.0,0.9147439152121815
gs,diabetes,svm,,,,1.0,30.0,2.43566391586325,2.466666666666667,3.164077877998352,1.0,[2.4357 ... 2.4357],300.0,0.8,60.0,0.9147177874174137
gs,diabetes,svm,,,,1.0,30.0,2.43566391586325,2.466666666666667,3.251853823661804,1.0,[2.4357 ... 2.4357],300.0,0.8,40.0,0.9134685690434435
gs,diabetes,arbol_decision,,,,0.9166666666666666,27.5,4.533793219659952,2.1607142857142856,0.7737865447998047,1.0,[4.5338 ... 4.5338],300.0,0.8,20.0,0.9111143536017697
gs,diabetes,svm,,,,0.9833333333333333,29.5,2.193716176916391,2.474712643678161,3.152760863304138,1.0,[2.1937 ... 2.1937],300.0,0.8,20.0,0.9090471540765563
gs,diabetes,arbol_decision,,,,0.9166666666666666,27.5,4.339261910981196,2.322751322751323,0.8984962701797485,1.0,[4.3393 ... 4.3393],500.0,0.8,20.0,0.90806623357312
gs,diabetes,svm,,,,1.0,30.0,2.3436602823576567,2.4,3.9798531532287598,1.0,[2.3437 ... 2.3437],300.0,0.5,60.0,0.9042968423792946
gs,diabetes,svm,,,,1.0,30.0,2.3436602823576567,2.4,4.017041087150574,1.0,[2.3437 ... 2.3437],300.0,0.5,40.0,0.9037675874678952
gs,diabetes,svm,,,,0.9833333333333333,29.5,2.194397897335154,2.836206896551724,3.328307032585144,1.0,[2.1944 ... 2.1944],100.0,0.2,60.0,0.9020274845777193
gs,diabetes,arbol_decision,,,,0.9,27.0,4.574522079243306,2.4354395604395602,0.747810959815979,1.0,[4.5745 ... 4.5745],100.0,0.8,20.0,0.9012258155876036
gs,diabetes,svm,,,,0.9666666666666667,29.0,1.9511040603717622,2.321428571428571,3.9991570711135864,1.0,[1.9511 ... 1.9511],300.0,0.5,20.0,0.8931888275524559
gs,diabetes,svm,,,,1.0,30.0,2.4198601256643686,2.8166666666666664,4.741562128067017,1.0,[2.4199 ... 2.4199],500.0,0.8,40.0,0.8879533001585204
gs,diabetes,svm,,,,1.0,30.0,2.4198601256643686,2.8166666666666664,4.8196446895599365,1.0,[2.4199 ... 2.4199],500.0,0.8,60.0,0.8868420370468975
gs,diabetes,svm,,,,0.9333333333333333,28.0,1.7732313862491407,2.6883780332056193,3.6686651706695557,1.0,[1.7732 ... 1.7732],100.0,0.2,40.0,0.8806599379814485
gs,diabetes,svm,,,,0.9833333333333333,29.5,2.177914497860333,2.8477011494252875,4.908112168312073,1.0,[2.1779 ... 2.1779],500.0,0.8,20.0,0.8794639164104846
gs,diabetes,arbol_decision,,,,0.85,25.5,3.4637394701737962,2.3753846153846156,1.4352444410324097,1.0,[3.4637 ... 3.4637],500.0,0.2,60.0,0.8764881098376979
gs,diabetes,arbol_decision,,,,0.8333333333333334,25.0,3.532108736817773,2.059294871794872,1.432638168334961,1.0,[3.5321 ... 3.5321],100.0,0.2,60.0,0.8735452920056185
gs,diabetes,svm,,,,0.9833333333333333,29.5,2.1721835979876674,2.857471264367816,5.331032395362854,1.0,[2.1722 ... 2.1722],500.0,0.5,20.0,0.8733449919256807
gs,diabetes,svm,,,,1.0,30.0,2.4168030216823437,2.8166666666666664,5.902384161949158,1.0,[2.4168 ... 2.4168],500.0,0.5,40.0,0.8714444194522767
gs,diabetes,arbol_decision,,,,0.8333333333333334,25.0,3.3532924642155413,2.2756410256410255,1.4670370817184448,1.0,[3.3533 ... 3.3533],300.0,0.2,60.0,0.8710428366251289
gs,diabetes,svm,,,,1.0,30.0,2.4168030216823437,2.8166666666666664,5.9948320388793945,1.0,[2.4168 ... 2.4168],500.0,0.5,60.0,0.8701287106254121
gs,diabetes,svm,,,,0.8666666666666667,26.0,1.552336127132353,2.5696296296296293,2.9300875663757324,1.0,[1.5523 ... 1.5523],100.0,0.2,20.0,0.8668431293402556
gs,diabetes,arbol_decision,,,,0.8,24.0,3.1206187201228692,2.339130434782609,0.8722008466720581,1.0,[3.1206 ... 3.1206],500.0,0.5,20.0,0.8662812202059593
gs,diabetes,arbol_decision,,,,0.8,24.0,3.144918508246282,2.393913043478261,0.8859999179840088,1.0,[3.1449 ... 3.1449],300.0,0.5,20.0,0.8653060900068457
gs,diabetes,arbol_decision,,,,0.7833333333333333,23.5,3.1516776086372644,2.3109090909090906,0.7359857559204102,1.0,[3.1517 ... 3.1517],100.0,0.5,20.0,0.8617858235331621
gs,diabetes,arbol_decision,,,,0.7833333333333333,23.5,3.066369044826307,2.02,1.2257276773452759,1.0,[3.0664 ... 3.0664],100.0,0.2,40.0,0.8587820944931991
gs,diabetes,svm,,,,0.9833333333333333,29.5,2.049434480336957,2.2040229885057467,7.182145118713379,1.0,[2.0494 ... 2.0494],300.0,0.2,60.0,0.8556428835778798
gs,diabetes,svm,,,,0.9166666666666666,27.5,1.5750926748123066,1.982804232804233,5.791125416755676,1.0,[1.5751 ... 1.5751],300.0,0.2,20.0,0.8533724523917561
gs,diabetes,arbol_decision,,,,0.7666666666666667,23.0,2.7962163145845307,2.2038095238095234,1.1962729692459106,1.0,[2.7962 ... 2.7962],300.0,0.2,40.0,0.8512816115859592
gs,diabetes,arbol_decision,,,,0.7666666666666667,23.0,2.7796742415685225,2.4171428571428573,1.214410662651062,1.0,[2.7797 ... 2.7797],500.0,0.2,40.0,0.8484207747540362
gs,diabetes,svm,,,,0.95,28.5,1.7414529590792578,2.070812807881773,7.7614006996154785,1.0,[1.7415 ... 1.7415],300.0,0.2,40.0,0.8369216506315081
gs,diabetes,svm,,,,0.9833333333333333,29.5,2.0205944537204363,2.3902298850574715,10.539703965187073,1.0,[2.0206 ... 2.0206],500.0,0.2,60.0,0.8056423761803226
gs,diabetes,svm,,,,0.95,28.5,1.7184818928416141,2.229064039408867,10.397751212120056,1.0,[1.7185 ... 1.7185],500.0,0.2,40.0,0.7975120593975707
gs,diabetes,svm,,,,0.8833333333333333,26.5,1.472218436177576,2.094017094017094,9.056659698486328,1.0,[1.4722 ... 1.4722],500.0,0.2,20.0,0.7925719913500783
gs,diabetes,arbol_decision,,,,0.5833333333333334,17.5,1.8168992495182368,2.175,0.943618893623352,1.0,[1.8169 ... 1.8169],500.0,0.2,20.0,0.785690894551877
gs,diabetes,arbol_decision,,,,0.5666666666666667,17.0,1.778876971951652,1.9892857142857143,0.8863067626953125,1.0,[1.7789 ... 1.7789],300.0,0.2,20.0,0.7823083386034988
gs,diabetes,arbol_decision,,,,0.55,16.5,1.7718370527165517,1.6033834586466167,0.8506600856781006,1.0,[1.7718 ... 1.7718],100.0,0.2,20.0,0.7809999914649095
ga,diabetes,arbol_decision,200.0,40.0,0.15,1.0,30.0,31.2841458475286,7.95,0.521452784538269,23.0,[201.6326 ... 11.9378],,,,0.7722365401471744
ga,diabetes,arbol_decision,200.0,120.0,0.15,1.0,30.0,28.007534433543164,7.966666666666667,1.5757982730865479,33.0,[201.6326 ... 5.8186],,,,0.7696926246237736
ga,diabetes,arbol_decision,200.0,80.0,0.15,1.0,30.0,33.908125150510315,7.983333333333333,1.0637060403823853,32.0,[201.6326 ... 6.7148],,,,0.7539563730098207
ga,diabetes,svm,200.0,40.0,0.15,1.0,30.0,35.24124315794303,7.983333333333333,1.3829318284988403,17.5,[195.1017 ... 12.9197],,,,0.7442583828478393
gs,iris,arbol_decision,,,,1.0,30.0,0.7647990759084731,1.3166666666666667,0.4222853183746338,1.0,[0.7648 ... 0.7648],500.0,0.5,20.0,0.7376449390763014
gs,iris,arbol_decision,,,,1.0,30.0,0.7647990759084731,1.3166666666666667,0.42440807819366455,1.0,[0.7648 ... 0.7648],500.0,0.5,60.0,0.7374690372191393
gs,iris,arbol_decision,,,,1.0,30.0,0.7524599100064387,1.3166666666666667,0.4918442964553833,1.0,[0.7525 ... 0.7525],300.0,0.2,60.0,0.7350181184487298
gs,iris,arbol_decision,,,,1.0,30.0,0.7738282289523806,1.4166666666666665,0.397860050201416,1.0,[0.7738 ... 0.7738],300.0,0.5,60.0,0.734873320422761
ga,diabetes,arbol_decision,100.0,40.0,0.15,1.0,30.0,41.65925362696239,7.983333333333333,0.30496668815612793,18.0,[93.1983 ... 6.5542],,,,0.734783190491899
gs,iris,arbol_decision,,,,1.0,30.0,0.7524599100064387,1.3166666666666667,0.4966355562210083,1.0,[0.7525 ... 0.7525],300.0,0.2,40.0,0.7346210921420491
gs,iris,arbol_decision,,,,1.0,30.0,0.7450136864424948,1.3833333333333333,0.5027704238891602,1.0,[0.7450 ... 0.7450],500.0,0.2,20.0,0.7343392218087584
gs,iris,arbol_decision,,,,1.0,30.0,0.7731606414149959,1.4,0.4155493974685669,1.0,[0.7732 ... 0.7732],500.0,0.8,40.0,0.7339938949845362
gs,iris,arbol_decision,,,,1.0,30.0,0.7731606414149959,1.4,0.4176536798477173,1.0,[0.7732 ... 0.7732],500.0,0.8,20.0,0.7338195242549002
gs,iris,arbol_decision,,,,1.0,30.0,0.7738282289523806,1.4166666666666665,0.4116194248199463,1.0,[0.7738 ... 0.7738],300.0,0.5,40.0,0.7337331539625277
gs,iris,arbol_decision,,,,1.0,30.0,0.7647990759084731,1.3166666666666667,0.4768620729446411,1.0,[0.7648 ... 0.7648],500.0,0.5,40.0,0.7331224526411035
gs,iris,arbol_decision,,,,1.0,30.0,0.7450136864424948,1.3833333333333333,0.523510217666626,1.0,[0.7450 ... 0.7450],500.0,0.2,40.0,0.7326206250038297
gs,iris,arbol_decision,,,,1.0,30.0,0.7524599100064387,1.3166666666666667,0.523328423500061,1.0,[0.7525 ... 0.7525],300.0,0.2,20.0,0.7324091956828852
gs,iris,arbol_decision,,,,1.0,30.0,0.7738282289523806,1.4166666666666665,0.4280351400375366,1.0,[0.7738 ... 0.7738],300.0,0.5,20.0,0.7323728706334705
gs,iris,arbol_decision,,,,1.0,30.0,0.7450136864424948,1.3833333333333333,0.5271927118301392,1.0,[0.7450 ... 0.7450],500.0,0.2,60.0,0.7323154762269669
gs,iris,arbol_decision,,,,1.0,30.0,0.7826656309346947,1.4666666666666668,0.3881434202194214,1.0,[0.7827 ... 0.7827],300.0,0.8,40.0,0.7321816264920716
gs,iris,arbol_decision,,,,1.0,30.0,0.7731606414149959,1.4,0.4544389247894287,1.0,[0.7732 ... 0.7732],500.0,0.8,60.0,0.7307713259408921
gs,iris,arbol_decision,,,,1.0,30.0,0.7826656309346947,1.4666666666666668,0.41966938972473145,1.0,[0.7827 ... 0.7827],300.0,0.8,20.0,0.7295692364632482
ga,diabetes,mlp,200.0,120.0,0.15,1.0,30.0,36.60203873045606,8.0,2.0981045961380005,39.5,[159.6815 ... 6.2177],,,,0.7286099604781557
gs,iris,arbol_decision,,,,1.0,30.0,0.7826656309346947,1.4666666666666668,0.4356902837753296,1.0,[0.7827 ... 0.7827],300.0,0.8,60.0,0.7282416698720425
gs,iris,arbol_decision,,,,1.0,30.0,0.7841898400079248,1.3666666666666667,0.48653650283813477,1.0,[0.7842 ... 0.7842],100.0,0.2,60.0,0.7261407915926449
gs,iris,arbol_decision,,,,1.0,30.0,0.7841898400079248,1.3666666666666667,0.48731255531311035,1.0,[0.7842 ... 0.7842],100.0,0.2,20.0,0.7260764842365419
gs,iris,arbol_decision,,,,1.0,30.0,0.7841898400079248,1.3666666666666667,0.5081452131271362,1.0,[0.7842 ... 0.7842],100.0,0.2,40.0,0.7243501922810135
gs,iris,mlp,,,,1.0,30.0,0.6754408649305575,2.9,0.38635754585266113,1.0,[0.6754 ... 0.6754],300.0,0.5,20.0,0.723757570570996
gs,iris,mlp,,,,1.0,30.0,0.6754408649305575,2.9,0.39755773544311523,1.0,[0.6754 ... 0.6754],300.0,0.5,40.0,0.7228294702122708
gs,iris,mlp,,,,1.0,30.0,0.6784396604283547,2.85,0.4067270755767822,1.0,[0.6784 ... 0.6784],100.0,0.2,60.0,0.7225572287590836
ga,diabetes,mlp,200.0,40.0,0.15,1.0,30.0,43.52296325241626,8.0,0.6457451581954956,13.0,[159.6815 ... 13.6176],,,,0.7225184794033469
gs,iris,mlp,,,,1.0,30.0,0.6784396604283547,2.85,0.41181719303131104,1.0,[0.6784 ... 0.6784],100.0,0.2,40.0,0.722135437699446
gs,iris,mlp,,,,1.0,30.0,0.6754408649305575,2.9,0.4060685634613037,1.0,[0.6754 ... 0.6754],300.0,0.5,60.0,0.7221242229954327
ga,diabetes,arbol_decision,200.0,40.0,0.3,1.0,30.0,43.96671223444016,7.983333333333333,0.627373218536377,19.5,[201.6326 ... 25.8646],,,,0.7212724249298115
gs,iris,arbol_decision,,,,1.0,30.0,0.8246277183964954,1.4333333333333331,0.40646517276763916,1.0,[0.8246 ... 0.8246],100.0,0.5,40.0,0.7208281094242914
gs,iris,mlp,,,,1.0,30.0,0.6537410599061247,3.2,0.4000999927520752,1.0,[0.6537 ... 0.6537],500.0,0.5,20.0,0.7206358597520985
gs,iris,arbol_decision,,,,1.0,30.0,0.8246277183964954,1.4333333333333331,0.41114258766174316,1.0,[0.8246 ... 0.8246],100.0,0.5,20.0,0.7204405168388209
gs,iris,mlp,,,,1.0,30.0,0.7099168398199471,2.783333333333333,0.3630572557449341,1.0,[0.7099 ... 0.7099],100.0,0.5,40.0,0.7198396868077704
gs,iris,mlp,,,,1.0,30.0,0.6353193867938028,3.216666666666667,0.4633777141571045,1.0,[0.6353 ... 0.6353],500.0,0.2,20.0,0.7196593100347628
gs,iris,mlp,,,,1.0,30.0,0.7099168398199471,2.783333333333333,0.36877918243408203,1.0,[0.7099 ... 0.7099],100.0,0.5,20.0,0.7193655410649767
gs,iris,arbol_decision,,,,1.0,30.0,0.8246277183964954,1.4333333333333331,0.4264674186706543,1.0,[0.8246 ... 0.8246],100.0,0.5,60.0,0.7191706293032658
gs,iris,mlp,,,,1.0,30.0,0.6353193867938028,3.216666666666667,0.4698624610900879,1.0,[0.6353 ... 0.6353],500.0,0.2,40.0,0.7191219534207397
gs,iris,mlp,,,,1.0,30.0,0.6353193867938028,3.216666666666667,0.4715747833251953,1.0,[0.6353 ... 0.6353],500.0,0.2,60.0,0.7189800623511446
gs,iris,mlp,,,,1.0,30.0,0.6683322715081319,3.0666666666666664,0.41796672344207764,1.0,[0.6683 ... 0.6683],500.0,0.8,40.0,0.7187789386117964
gs,iris,mlp,,,,1.0,30.0,0.6537410599061247,3.2,0.4228696823120117,1.0,[0.6537 ... 0.6537],500.0,0.5,60.0,0.7187490562406075
gs,iris,mlp,,,,1.0,30.0,0.6784396604283547,2.85,0.45300912857055664,1.0,[0.6784 ... 0.6784],100.0,0.2,20.0,0.7187220802877878
ga,diabetes,mlp,200.0,80.0,0.15,1.0,30.0,41.98035948280035,8.0,1.3316543102264404,26.0,[159.6815 ... 8.5077],,,,0.7187215147229539
gs,iris,mlp,,,,1.0,30.0,0.6683322715081319,3.0666666666666664,0.42299723625183105,1.0,[0.6683 ... 0.6683],500.0,0.8,20.0,0.7183620866732111
gs,iris,mlp,,,,1.0,30.0,0.6855610746750219,3.0166666666666666,0.386289119720459,1.0,[0.6856 ... 0.6856],300.0,0.8,40.0,0.7182735678168671
ga,diabetes,mlp,200.0,40.0,0.3,1.0,30.0,43.79792788968976,7.983333333333333,0.8983076810836792,13.5,[159.6815 ... 29.3395],,,,0.7180691557702017
gs,iris,mlp,,,,1.0,30.0,0.6475873985924019,3.1500000000000004,0.46794188022613525,1.0,[0.6476 ... 0.6476],300.0,0.2,20.0,0.7178286956997165
gs,iris,mlp,,,,1.0,30.0,0.6475873985924019,3.1500000000000004,0.47029078006744385,1.0,[0.6476 ... 0.6476],300.0,0.2,40.0,0.7176340548172813
gs,iris,mlp,,,,1.0,30.0,0.6475873985924019,3.1500000000000004,0.47040247917175293,1.0,[0.6476 ... 0.6476],300.0,0.2,60.0,0.717624798904429
gs,iris,mlp,,,,1.0,30.0,0.6683322715081319,3.0666666666666664,0.43318378925323486,1.0,[0.6683 ... 0.6683],500.0,0.8,60.0,0.7175179810071042
gs,iris,mlp,,,,1.0,30.0,0.6855610746750219,3.0166666666666666,0.40018022060394287,1.0,[0.6856 ... 0.6856],300.0,0.8,60.0,0.7171224858991078
gs,iris,mlp,,,,1.0,30.0,0.6855610746750219,3.0166666666666666,0.4123302698135376,1.0,[0.6856 ... 0.6856],300.0,0.8,20.0,0.7161156757072908
gs,iris,mlp,,,,1.0,30.0,0.7099168398199471,2.783333333333333,0.4136444330215454,1.0,[0.7099 ... 0.7099],100.0,0.5,60.0,0.7156477955010977
gs,iris,mlp,,,,1.0,30.0,0.6537410599061247,3.2,0.46333181858062744,1.0,[0.6537 ... 0.6537],500.0,0.5,40.0,0.7153961734271155
gs,iris,svm,,,,1.0,30.0,0.7429116956026796,2.6166666666666667,0.3716965913772583,1.0,[0.7429 ... 0.7429],100.0,0.5,40.0,0.7149017016874923
gs,iris,svm,,,,1.0,30.0,0.7189104404540909,2.55,0.4792814254760742,1.0,[0.7189 ... 0.7189],100.0,0.2,40.0,0.713755566904842
gs,iris,svm,,,,1.0,30.0,0.7189104404540909,2.55,0.4806227684020996,1.0,[0.7189 ... 0.7189],100.0,0.2,60.0,0.7136444169246775
gs,iris,mlp,,,,1.0,30.0,0.7223036240230805,2.833333333333333,0.3861774206161499,1.0,[0.7223 ... 0.7223],100.0,0.8,60.0,0.7135245713048723
gs,iris,mlp,,,,1.0,30.0,0.7223036240230805,2.833333333333333,0.38713812828063965,1.0,[0.7223 ... 0.7223],100.0,0.8,20.0,0.7134449625517488
gs,iris,arbol_decision,,,,1.0,30.0,0.8511165910124598,1.4,0.4272195100784302,1.0,[0.8511 ... 0.8511],100.0,0.8,40.0,0.7132069944755859
gs,iris,mlp,,,,1.0,30.0,0.7223036240230805,2.833333333333333,0.40221869945526123,1.0,[0.7223 ... 0.7223],100.0,0.8,40.0,0.7121953155342667
gs,iris,arbol_decision,,,,1.0,30.0,0.8511165910124598,1.4,0.44124507904052734,1.0,[0.8511 ... 0.8511],100.0,0.8,20.0,0.7120447699007324
gs,iris,arbol_decision,,,,1.0,30.0,0.8511165910124598,1.4,0.446569561958313,1.0,[0.8511 ... 0.8511],100.0,0.8,60.0,0.7116035582171163
ga,diabetes,svm,200.0,80.0,0.15,1.0,30.0,38.60718608571595,7.95,2.804226875305176,22.5,[195.1017 ... 7.5786],,,,0.7114321457708246
gs,iris,svm,,,,1.0,30.0,0.7189104404540909,2.55,0.509048581123352,1.0,[0.7189 ... 0.7189],100.0,0.2,20.0,0.7112889204600344
gs,iris,svm,,,,1.0,30.0,0.7721471313463828,2.583333333333333,0.3563354015350342,1.0,[0.7721 ... 0.7721],100.0,0.8,40.0,0.7095749909179108
gs,iris,svm,,,,1.0,30.0,0.7101645804934964,2.7666666666666666,0.4963580369949341,1.0,[0.7102 ... 0.7102],300.0,0.8,60.0,0.7091474374590446
gs,iris,svm,,,,1.0,30.0,0.7721471313463828,2.583333333333333,0.37438416481018066,1.0,[0.7721 ... 0.7721],100.0,0.8,20.0,0.7080793855502584
gs,iris,svm,,,,1.0,30.0,0.7429116956026796,2.6166666666666667,0.4559662342071533,1.0,[0.7429 ... 0.7429],100.0,0.5,60.0,0.7079187229523183
gs,iris,svm,,,,1.0,30.0,0.7721471313463828,2.583333333333333,0.37815535068511963,1.0,[0.7721 ... 0.7721],100.0,0.8,60.0,0.7077668873612695
gs,iris,svm,,,,1.0,30.0,0.7429116956026796,2.6166666666666667,0.46889805793762207,1.0,[0.7429 ... 0.7429],100.0,0.5,20.0,0.7068471312487772
gs,iris,svm,,,,1.0,30.0,0.7101645804934964,2.7666666666666666,0.525934100151062,1.0,[0.7102 ... 0.7102],300.0,0.8,40.0,0.7066966258363314
ga,diabetes,arbol_decision,200.0,80.0,0.3,1.0,30.0,45.13570589275699,8.0,1.3266795873641968,35.5,[201.6326 ... 19.1028],,,,0.7065914568462099
gs,iris,svm,,,,1.0,30.0,0.7226659188416827,2.8,0.49989962577819824,1.0,[0.7227 ... 0.7227],300.0,0.5,40.0,0.704842236726682
gs,iris,svm,,,,1.0,30.0,0.7101645804934964,2.7666666666666666,0.559708833694458,1.0,[0.7102 ... 0.7102],300.0,0.8,20.0,0.7038978926484408
gs,iris,svm,,,,1.0,30.0,0.6888164742006739,2.783333333333333,0.6376657485961914,1.0,[0.6888 ... 0.6888],300.0,0.2,40.0,0.702448985071068
gs,iris,svm,,,,1.0,30.0,0.7226659188416827,2.8,0.5353777408599854,1.0,[0.7227 ... 0.7227],300.0,0.5,20.0,0.7019023533373544
gs,iris,svm,,,,1.0,30.0,0.6888164742006739,2.783333333333333,0.6542655229568481,1.0,[0.6888 ... 0.6888],300.0,0.2,60.0,0.7010734497362009
gs,iris,svm,,,,1.0,30.0,0.7226659188416827,2.8,0.5684995651245117,1.0,[0.7227 ... 0.7227],300.0,0.5,60.0,0.6991577232814725
gs,iris,svm,,,,1.0,30.0,0.6888164742006739,2.783333333333333,0.6868811845779419,1.0,[0.6888 ... 0.6888],300.0,0.2,20.0,0.6983707626962964
gs,iris,svm,,,,1.0,30.0,0.7041862291531209,2.9,0.6104884147644043,1.0,[0.7042 ... 0.7042],500.0,0.8,60.0,0.6978766866058698
ga,diabetes,arbol_decision,100.0,80.0,0.15,0.95,28.5,44.885904762422484,8.0,0.6189957857131958,20.5,[93.1983 ... 5.1039],,,,0.6976290534169004
ga,diabetes,svm,200.0,120.0,0.15,1.0,30.0,36.47537552731859,7.966666666666667,4.47000253200531,29.0,[195.1017 ... 6.1778],,,,0.6957597876114427
ga,diabetes,arbol_decision,200.0,120.0,0.3,1.0,30.0,45.70481266994715,7.983333333333333,1.9598222970962524,40.0,[201.6326 ... 16.9936],,,,0.6955883876775015
gs,iris,svm,,,,1.0,30.0,0.7041862291531209,2.9,0.6534230709075928,1.0,[0.7042 ... 0.7042],500.0,0.8,20.0,0.6943189191728798
gs,iris,svm,,,,1.0,30.0,0.6941189859869261,2.9833333333333334,0.6627987623214722,1.0,[0.6941 ... 0.6941],500.0,0.5,20.0,0.6940182117211415
gs,iris,svm,,,,1.0,30.0,0.6941189859869261,2.9833333333333334,0.6692143678665161,1.0,[0.6941 ... 0.6941],500.0,0.5,40.0,0.6934865844875393
gs,iris,svm,,,,1.0,30.0,0.6941189859869261,2.9833333333333334,0.6700705289840698,1.0,[0.6941 ... 0.6941],500.0,0.5,60.0,0.6934156389527418
gs,iris,svm,,,,1.0,30.0,0.7041862291531209,2.9,0.7032976150512695,1.0,[0.7042 ... 0.7042],500.0,0.8,40.0,0.6901860799975102
gs,iris,svm,,,,1.0,30.0,0.6738547341735646,3.083333333333333,0.743560791015625,1.0,[0.6739 ... 0.6739],500.0,0.2,60.0,0.6899779620124756
ga,diabetes,mlp,100.0,120.0,0.3,1.0,30.0,50.69154975856407,8.0,1.2122305631637573,25.0,[97.7095 ... 8.9783],,,,0.6867373620252354
gs,iris,svm,,,,1.0,30.0,0.6738547341735646,3.083333333333333,0.7861671447753906,1.0,[0.6739 ... 0.6739],500.0,0.2,20.0,0.6864473992582426
ga,diabetes,arbol_decision,100.0,120.0,0.15,1.0,30.0,51.6118545713466,8.0,0.994882345199585,20.5,[93.1983 ... 5.1039],,,,0.6862720740079682
ga,diabetes,svm,200.0,80.0,0.3,1.0,30.0,44.16312215666093,7.983333333333333,3.0457277297973633,29.5,[195.1017 ... 25.4567],,,,0.6860951851070671
ga,diabetes,mlp,100.0,40.0,0.15,0.95,28.5,48.980917181302615,7.962962962962963,0.3554443120956421,13.5,[97.7095 ... 7.3034],,,,0.6860085663654228
gs,iris,svm,,,,1.0,30.0,0.6738547341735646,3.083333333333333,0.826439380645752,1.0,[0.6739 ... 0.6739],500.0,0.2,40.0,0.6831102524844238
ga,diabetes,mlp,200.0,120.0,0.3,1.0,30.0,48.43526772032605,8.0,2.1430952548980713,67.5,[159.6815 ... 18.7285],,,,0.6822138126783667
ga,diabetes,svm,100.0,80.0,0.15,0.9833333333333333,29.5,49.671102993252006,7.983333333333333,1.4451963901519775,12.5,[108.9234 ... 6.4478],,,,0.6809092698945701
ga,diabetes,arbol_decision,100.0,120.0,0.3,1.0,30.0,52.294200643291646,7.983333333333333,1.21067214012146,22.0,[93.1983 ... 10.8784],,,,0.6807708640381562
ga,diabetes,mlp,100.0,40.0,0.3,1.0,30.0,56.35841125322197,8.0,0.39224863052368164,24.5,[97.7095 ... 11.4272],,,,0.6764950654744548
ga,diabetes,arbol_decision,100.0,40.0,0.3,1.0,30.0,58.588422734923704,8.0,0.3662707805633545,17.5,[93.1983 ... 11.6653],,,,0.6682419379063935
ga,diabetes,arbol_decision,100.0,80.0,0.3,1.0,30.0,57.82825390462312,8.0,0.7926976680755615,17.5,[93.1983 ... 11.6653],,,,0.6651124376151232
ga,diabetes,svm,100.0,40.0,0.15,0.9333333333333333,28.0,50.94880049682606,8.0,0.8477202653884888,11.5,[108.9234 ... 9.7728],,,,0.6642636510959895
ga,diabetes,svm,100.0,40.0,0.3,1.0,30.0,59.24934550348999,8.0,0.7770814895629883,20.0,[108.9234 ... 13.3053],,,,0.6598397147222452
ga,diabetes,svm,200.0,40.0,0.3,1.0,30.0,55.808641149513804,8.0,1.7152613401412964,15.0,[195.1017 ... 31.5178],,,,0.6597918924474899
ga,diabetes,mlp,100.0,80.0,0.3,1.0,30.0,59.65720135779753,7.983333333333333,0.8452353477478027,25.0,[97.7095 ... 9.3409],,,,0.6575010227151303
ga,diabetes,mlp,200.0,80.0,0.3,1.0,30.0,57.13023416639175,8.0,1.5326790809631348,33.5,[159.6815 ... 25.0443],,,,0.6572801475933774
ga,iris,arbol_decision,200.0,40.0,0.3,1.0,30.0,0.7809656594697524,4.0,0.6119966506958008,17.5,[24.2022 ... 1.4003],,,,0.6507309703525513
ga,diabetes,svm,200.0,120.0,0.3,1.0,30.0,49.22549202890774,8.0,4.302673935890198,29.5,[195.1017 ... 21.0088],,,,0.6484233271983717
ga,diabetes,svm,100.0,120.0,0.15,0.9,27.0,51.09740017545164,8.0,2.193096876144409,29.0,[108.9234 ... 4.7103],,,,0.6312084598887132
ga,diabetes,mlp,100.0,80.0,0.15,0.9,27.0,57.07008680928715,7.983333333333333,0.7230465412139893,23.5,[97.7095 ... 5.7037],,,,0.6292436625854358
ga,diabetes,svm,100.0,80.0,0.3,1.0,30.0,64.05088086055663,7.983333333333333,1.666332721710205,29.0,[108.9234 ... 10.6139],,,,0.6288260965365443
ga,diabetes,mlp,100.0,120.0,0.15,0.8833333333333333,26.5,56.21579685880394,8.0,1.0102053880691528,31.5,[97.7095 ... 4.6341],,,,0.6215851514637991
ga,iris,mlp,200.0,40.0,0.3,1.0,30.0,0.9930152725385113,3.966666666666667,0.518572211265564,15.0,[17.3604 ... 3.0129],,,,0.6053934748098867
ga,iris,svm,200.0,40.0,0.3,1.0,30.0,0.9638797418397278,3.9833333333333334,0.605332612991333,26.5,[16.8925 ... 2.1998],,,,0.6051949776261161
ga,iris,arbol_decision,200.0,80.0,0.3,1.0,30.0,0.8409318129880703,3.9833333333333334,1.036222219467163,21.0,[24.2022 ... 0.9066],,,,0.6007482561936213
ga,diabetes,svm,100.0,120.0,0.3,1.0,30.0,69.47894330382468,7.966666666666667,2.3301703929901123,29.0,[108.9234 ... 10.6139],,,,0.598597933230013
ga,diabetes,arbol_decision,200.0,40.0,0.05,0.6,18.0,36.49149260921379,7.972222222222222,0.4849153757095337,21.5,[201.6326 ... 4.2002],,,,0.592343379875991
ga,diabetes,svm,200.0,40.0,0.05,0.5666666666666667,17.0,30.808660793911407,7.90625,1.3143675327301025,22.5,[195.1017 ... 4.3601],,,,0.590003969438464
ga,iris,svm,200.0,80.0,0.3,1.0,30.0,0.9109705296857565,4.0,1.0472486019134521,28.0,[16.8925 ... 1.4219],,,,0.5816109432969564
ga,iris,arbol_decision,200.0,120.0,0.3,1.0,30.0,0.7744185178104941,3.966666666666667,1.5197116136550903,35.5,[24.2022 ... 0.6699],,,,0.5780113487244106
ga,diabetes,arbol_decision,200.0,120.0,0.05,0.4666666666666667,14.0,23.54237023844749,7.928571428571429,1.3243032693862915,28.0,[201.6326 ... 0.5123],,,,0.5776802963316883
ga,iris,arbol_decision,100.0,120.0,0.3,0.8666666666666667,26.0,0.8058028708832878,3.958333333333333,0.8436237573623657,28.0,[13.4763 ... 0.4553],,,,0.572930872012449
ga,iris,mlp,200.0,80.0,0.3,1.0,30.0,0.9534761935626956,4.0,1.0561143159866333,32.5,[17.3604 ... 2.2460],,,,0.5700694634592987
ga,diabetes,arbol_decision,200.0,80.0,0.05,0.4,12.0,20.5288389968765,8.0,0.8379107713699341,26.0,[201.6326 ... 0.9929],,,,0.5686955586579702
ga,diabetes,arbol_decision,50.0,40.0,0.15,0.5666666666666667,17.0,42.83891776505244,8.0,0.24808025360107422,31.5,[40.5684 ... 4.3485],,,,0.5574896886970623
ga,diabetes,svm,50.0,120.0,0.3,0.9,27.0,73.09116590493555,8.0,1.4292750358581543,24.0,[50.9754 ... 6.0049],,,,0.5570352457646663
ga,diabetes,arbol_decision,50.0,40.0,0.3,0.9833333333333333,29.5,85.963782270233,8.0,0.279024600982666,22.5,[40.5684 ... 6.5591],,,,0.5569639561532841
ga,iris,mlp,200.0,120.0,0.3,1.0,30.0,0.8291349037531884,3.9166666666666665,1.6378973722457886,36.5,[17.3604 ... 1.9102],,,,0.5555565889570663
ga,iris,arbol_decision,100.0,40.0,0.3,0.65,19.5,0.7328749455648335,3.973684210526316,0.2665504217147827,7.5,[13.4763 ... 1.0854],,,,0.5522409560139552
ga,diabetes,arbol_decision,50.0,80.0,0.3,0.95,28.5,82.97644421656878,8.0,0.5069847106933594,33.0,[40.5684 ... 5.4161],,,,0.5519375330886075
ga,iris,mlp,100.0,80.0,0.3,0.85,25.5,0.9688447580172173,3.9833333333333334,0.6003018617630005,38.5,[5.2013 ... 0.8030],,,,0.5443495219858283
ga,iris,mlp,100.0,40.0,0.3,0.95,28.5,1.1712137900873432,3.9833333333333334,0.4653090238571167,23.0,[5.2013 ... 1.0382],,,,0.5440844790815852
ga,iris,arbol_decision,100.0,80.0,0.3,0.8166666666666667,24.5,0.9125720816211621,4.0,0.6148912906646729,23.0,[13.4763 ... 0.7691],,,,0.5436975836373897
ga,diabetes,svm,200.0,80.0,0.05,0.4166666666666667,12.5,23.66226203229956,7.833333333333334,2.508922576904297,25.5,[195.1017 ... 1.1559],,,,0.5415478018188579
ga,diabetes,arbol_decision,50.0,80.0,0.15,0.55,16.5,44.87591164780278,7.966666666666667,0.42245936393737793,36.5,[40.5684 ... 3.1126],,,,0.5408814471733989
ga,iris,arbol_decision,200.0,40.0,0.15,0.5833333333333334,17.5,0.6160664602256012,3.9404761904761907,0.4707307815551758,14.5,[24.2022 ... 0.2405],,,,0.5391830434395565
ga,iris,svm,200.0,40.0,0.15,0.85,25.5,1.0214339801323067,4.0,0.4993363618850708,12.5,[16.8925 ... 1.7830],,,,0.5389288183984164
ga,iris,svm,100.0,40.0,0.3,0.9333333333333333,28.0,1.223452852284408,3.980769230769231,0.28956449031829834,28.0,[7.1695 ... 1.1317],,,,0.5387634464872387
ga,diabetes,mlp,50.0,120.0,0.3,0.8666666666666667,26.0,77.31701573587254,8.0,0.8462144136428833,29.0,[55.5299 ... 5.3016],,,,0.535659771954348
ga,diabetes,mlp,100.0,40.0,0.05,0.18333333333333332,5.5,10.553420877126413,8.0,0.25576233863830566,25.5,[97.7095 ... 3.1544],,,,0.5288861706618025
ga,iris,mlp,200.0,40.0,0.15,0.8333333333333334,25.0,1.0660902637687293,4.0,0.4523890018463135,25.0,[17.3604 ... 1.5182],,,,0.5247988226446695
ga,diabetes,mlp,200.0,80.0,0.05,0.3333333333333333,10.0,25.242872732502175,8.0,0.841454267501831,26.0,[159.6815 ... 1.6637],,,,0.5237505880484411
ga,diabetes,mlp,200.0,120.0,0.05,0.43333333333333335,13.0,33.30740425829043,7.944444444444445,1.598496675491333,26.0,[159.6815 ... 1.4293],,,,0.5224875539079261
ga,iris,mlp,200.0,80.0,0.15,0.7833333333333333,23.5,0.8792489600747833,3.953921568627451,0.880959153175354,25.5,[17.3604 ... 1.1205],,,,0.5179407928254186
ga,iris,svm,200.0,120.0,0.3,1.0,30.0,0.937342231975631,3.966666666666667,1.8101797103881836,34.5,[16.8925 ... 1.3623],,,,0.5125193621981916
ga,iris,mlp,100.0,120.0,0.3,0.8166666666666667,24.5,0.9321838706972663,4.0,0.9373462200164795,45.0,[5.2013 ... 0.7059],,,,0.5119912657491367
ga,diabetes,arbol_decision,100.0,120.0,0.05,0.26666666666666666,8.0,22.41532221410279,7.833333333333334,0.7726788520812988,22.0,[93.1983 ... 0.8334],,,,0.5110794204448633
ga,diabetes,arbol_decision,50.0,120.0,0.3,0.9166666666666666,27.5,89.3535345269584,7.983333333333333,0.772674560546875,33.0,[40.5684 ... 5.1119],,,,0.5103728059279435
ga,diabetes,svm,50.0,80.0,0.3,0.9,27.0,87.32368168405631,7.979166666666666,0.9597598314285278,24.0,[50.9754 ... 6.0049],,,,0.5089445271932544
ga,diabetes,svm,50.0,40.0,0.15,0.6,18.0,59.13817954531443,8.0,0.4130743741989136,25.0,[50.9754 ... 4.6879],,,,0.5054500753603532
ga,diabetes,mlp,200.0,40.0,0.05,0.45,13.5,43.91861467393373,7.916666666666666,0.4705994129180908,19.0,[159.6815 ... 3.4017],,,,0.5045229272475729
ga,diabetes,mlp,50.0,80.0,0.3,0.7333333333333333,22.0,73.37898961033703,7.976190476190476,0.4743770360946655,29.0,[55.5299 ... 5.3016],,,,0.5031432746345462
ga,diabetes,mlp,50.0,40.0,0.15,0.43333333333333335,13.0,43.67512778484382,8.0,0.21545028686523438,19.5,[55.5299 ... 3.5734],,,,0.5013873473514949
ga,iris,arbol_decision,100.0,40.0,0.15,0.4166666666666667,12.5,0.5921454341025765,3.916666666666667,0.2317720651626587,9.5,[13.4763 ... 0.2597],,,,0.49899464324930054
ga,diabetes,arbol_decision,50.0,40.0,0.05,0.2,6.0,20.20511133998039,8.0,0.20229434967041016,18.5,[40.5684 ... 3.4950],,,,0.4989933531386157
ga,diabetes,svm,50.0,80.0,0.05,0.25,7.5,24.400390401888686,7.711538461538462,0.775048017501831,32.0,[50.9754 ... 1.2584],,,,0.49822575867283264
ga,diabetes,arbol_decision,100.0,80.0,0.05,0.31666666666666665,9.5,32.2463217503437,7.95,0.4881300926208496,22.0,[93.1983 ... 1.1011],,,,0.4956569821360224
ga,iris,arbol_decision,200.0,80.0,0.15,0.5833333333333334,17.5,0.672258158645698,3.908333333333333,0.849601149559021,14.5,[24.2022 ... 0.2208],,,,0.49430521308319275
ga,diabetes,mlp,50.0,40.0,0.3,0.8666666666666667,26.0,90.51587003703828,7.961538461538462,0.34311580657958984,29.0,[55.5299 ... 5.3016],,,,0.4922642464684978
ga,diabetes,mlp,100.0,120.0,0.05,0.18333333333333332,5.5,18.214139146147307,8.0,0.7985737323760986,27.5,[97.7095 ... 0.6415],,,,0.49153904110247904
ga,diabetes,mlp,50.0,120.0,0.05,0.08333333333333333,2.5,8.678542180115768,8.0,0.6164343357086182,35.5,[55.5299 ... 0.5994],,,,0.49100276410116256
ga,diabetes,svm,50.0,40.0,0.3,0.8666666666666667,26.0,90.49950462578998,7.983333333333333,0.4871206283569336,24.0,[50.9754 ... 6.0049],,,,0.4900056290726101
ga,iris,arbol_decision,100.0,80.0,0.05,0.16666666666666666,5.0,0.31559310266310775,2.5,0.4308997392654419,21.0,[13.4763 ... 0.0170],,,,0.4882225239074328
ga,diabetes,svm,50.0,120.0,0.15,0.4666666666666667,14.0,47.25832306486098,7.966666666666667,1.2465263605117798,36.0,[50.9754 ... 3.1465],,,,0.48660794538015245
ga,iris,svm,100.0,40.0,0.15,0.48333333333333334,14.5,0.7437364850188561,4.0,0.25782644748687744,27.5,[7.1695 ... 0.7563],,,,0.4828778190319266
ga,iris,mlp,100.0,40.0,0.15,0.5666666666666667,17.0,0.8441957677804309,4.0,0.3643265962600708,31.5,[5.2013 ... 1.0976],,,,0.481844843863275
ga,diabetes,mlp,50.0,40.0,0.05,0.2,6.0,24.95382816116519,8.0,0.19228625297546387,17.5,[55.5299 ... 2.5559],,,,0.48077380413056425
ga,iris,svm,50.0,80.0,0.05,0.06666666666666667,2.0,0.1325425553010489,3.5,0.3131808042526245,53.5,[3.6326 ... 0.2718],,,,0.47951683656668714
ga,iris,svm,200.0,80.0,0.05,0.18333333333333332,5.5,0.29693750242225603,1.6,0.9813344478607178,36.0,[16.8925 ... 0.0451],,,,0.4765206642148931
ga,diabetes,svm,50.0,80.0,0.15,0.5,15.0,54.82601192949477,8.0,0.8472431898117065,36.0,[50.9754 ... 3.5428],,,,0.4759449961161648
ga,diabetes,svm,50.0,120.0,0.05,0.16666666666666666,5.0,19.37474181653843,8.0,1.1236867904663086,32.0,[50.9754 ... 1.0570],,,,0.4757576666528497
ga,diabetes,svm,100.0,120.0,0.05,0.3,9.0,29.987581522335823,7.825,2.1835010051727295,32.5,[108.9234 ... 0.6020],,,,0.47515839611584704
ga,iris,arbol_decision,50.0,80.0,0.05,0.13333333333333333,4.0,0.26286407263784484,3.333333333333333,0.33965563774108887,31.0,[5.4524 ... 0.0227],,,,0.47502283063439205
ga,iris,svm,100.0,80.0,0.05,0.15,4.5,0.35335116709751624,2.428571428571429,0.45187926292419434,52.0,[7.1695 ... 0.1192],,,,0.4720033348404281
ga,iris,arbol_decision,50.0,120.0,0.05,0.1,3.0,0.28847594597508686,2.333333333333333,0.46078693866729736,31.0,[5.4524 ... 0.0186],,,,0.4701403140830237
ga,iris,mlp,50.0,80.0,0.05,0.08333333333333333,2.5,0.13633341493463225,4.0,0.3526437282562256,59.0,[4.5351 ... 0.1924],,,,0.4694496151829425
ga,diabetes,mlp,50.0,120.0,0.15,0.5333333333333333,16.0,60.41993003605174,7.96875,0.7696373462677002,29.5,[55.5299 ... 1.5888],,,,0.4691432885827021
ga,diabetes,arbol_decision,50.0,120.0,0.05,0.2,6.0,27.258706367761405,7.875,0.5199860334396362,51.5,[40.5684 ... 0.9119],,,,0.46876018327030505
ga,iris,arbol_decision,50.0,40.0,0.3,0.48333333333333334,14.5,0.8232027309953392,4.0,0.18614566326141357,25.0,[5.4524 ... 0.3860],,,,0.46861378131758247
ga,iris,svm,100.0,120.0,0.05,0.1,3.0,0.3145363040781945,1.3333333333333335,0.7441637516021729,58.0,[7.1695 ... 0.0247],,,,0.46503268034480955
ga,iris,arbol_decision,50.0,80.0,0.3,0.6166666666666667,18.5,0.9739150656357957,4.0,0.41434407234191895,25.0,[5.4524 ... 0.3860],,,,0.4647197614679415
ga,iris,mlp,200.0,120.0,0.05,0.25,7.5,0.4311139893845419,1.1964285714285714,1.1806424856185913,37.5,[17.3604 ... 0.0385],,,,0.4626474013134692
ga,iris,arbol_decision,50.0,40.0,0.05,0.13333333333333333,4.0,0.32787973056997943,3.75,0.17330288887023926,27.0,[5.4524 ... 0.1772],,,,0.46186107070884186
ga,iris,mlp,50.0,40.0,0.3,0.48333333333333334,14.5,0.8464030800184095,3.966666666666667,0.21846508979797363,7.0,[4.5351 ... 1.4674],,,,0.4608704172706789
ga,iris,svm,100.0,80.0,0.3,0.7166666666666667,21.5,1.0867357070548693,4.0,0.607203483581543,28.0,[7.1695 ... 1.1257],,,,0.4600545128667558
ga,diabetes,svm,100.0,40.0,0.05,0.2,6.0,28.723843316704084,7.916666666666666,0.7090343236923218,25.0,[108.9234 ... 4.0957],,,,0.4598835517736492
ga,iris,arbol_decision,200.0,120.0,0.15,0.55,16.5,0.6248782107368125,3.905555555555556,1.2592569589614868,14.5,[24.2022 ... 0.1744],,,,0.4591414024324237
ga,iris,arbol_decision,50.0,40.0,0.15,0.26666666666666666,8.0,0.5547097307263625,3.746031746031746,0.1845608949661255,18.0,[5.4524 ... 0.1799],,,,0.4566904720123844
ga,iris,arbol_decision,200.0,80.0,0.05,0.21666666666666667,6.5,0.41830073786956723,2.416666666666667,0.7644292116165161,19.0,[24.2022 ... 0.0179],,,,0.45655520086260926
ga,iris,arbol_decision,100.0,40.0,0.05,0.13333333333333333,4.0,0.4205142521629074,2.966666666666667,0.2056978940963745,15.0,[13.4763 ... 0.1842],,,,0.4552081974399997
ga,diabetes,svm,200.0,120.0,0.05,0.4,12.0,32.02462419310632,7.839160839160839,5.924330115318298,25.5,[195.1017 ... 0.7931],,,,0.4538656000528418
ga,iris,svm,200.0,40.0,0.05,0.23333333333333334,7.0,0.4502594502237517,3.5,0.48569273948669434,12.5,[16.8925 ... 0.4690],,,,0.45111062633882343
ga,diabetes,mlp,100.0,80.0,0.05,0.21666666666666667,6.5,33.6737202440656,7.875,0.50420081615448,27.5,[97.7095 ... 0.8700],,,,0.45084640743101095
ga,iris,svm,200.0,80.0,0.15,0.6,18.0,0.767809130132491,3.9442724458204337,1.1586459875106812,28.5,[16.8925 ... 1.3134],,,,0.45017119881293133
ga,iris,mlp,200.0,120.0,0.15,0.5833333333333334,17.5,0.6745242792197562,3.9416666666666664,1.3692625761032104,47.0,[17.3604 ... 0.9428],,,,0.44983414278581535
ga,diabetes,arbol_decision,50.0,120.0,0.15,0.5166666666666667,15.5,64.71021950457518,7.933333333333334,0.6283533573150635,36.5,[40.5684 ... 3.1126],,,,0.4483406990709608
ga,iris,arbol_decision,100.0,80.0,0.15,0.3333333333333333,10.0,0.5680238775471451,3.958333333333333,0.5185551643371582,9.5,[13.4763 ... 0.1812],,,,0.44698821714364884
ga,iris,svm,100.0,80.0,0.15,0.43333333333333335,13.0,0.7222987640023985,4.0,0.5207191705703735,27.5,[7.1695 ... 0.7563],,,,0.44654371175639873
ga,diabetes,svm,50.0,40.0,0.05,0.21666666666666667,6.5,34.85875346576647,8.0,0.3793907165527344,14.0,[50.9754 ... 3.2044],,,,0.44647799425737256
ga,iris,arbol_decision,200.0,120.0,0.05,0.3,9.0,0.5338445217590806,1.9444444444444446,1.0866862535476685,19.0,[24.2022 ... 0.0058],,,,0.4456140016048289
ga,iris,mlp,50.0,120.0,0.3,0.5,15.0,0.7392936216577404,3.973684210526316,0.8241211175918579,27.0,[4.5351 ... 1.3596],,,,0.44440611499181604
ga,iris,mlp,50.0,40.0,0.15,0.2,6.0,0.4835179948960538,3.875,0.19132280349731445,27.5,[4.5351 ... 0.4040],,,,0.44433937242347404
ga,diabetes,mlp,50.0,80.0,0.05,0.11666666666666667,3.5,25.323960149117294,8.0,0.41544151306152344,35.5,[55.5299 ... 0.7153],,,,0.44283334902070237
ga,iris,svm,100.0,120.0,0.3,0.8166666666666667,24.5,1.0321570407972651,3.9833333333333334,1.4810062646865845,28.0,[7.1695 ... 0.9009],,,,0.44194009136171136
ga,iris,arbol_decision,100.0,120.0,0.05,0.15,4.5,0.4395676956639909,2.075,0.676795244216919,21.0,[13.4763 ... 0.0039],,,,0.44028495938029644
ga,diabetes,arbol_decision,50.0,80.0,0.05,0.2,6.0,34.82077026605567,8.0,0.35816657543182373,36.0,[40.5684 ... 1.5518],,,,0.4402602580161382
ga,iris,mlp,50.0,80.0,0.3,0.6,18.0,1.0262256652786292,4.0,0.5056631565093994,27.0,[4.5351 ... 1.3596],,,,0.43718629155603667
ga,diabetes,arbol_decision,100.0,40.0,0.05,0.2,6.0,37.33044779182676,8.0,0.2834193706512451,19.0,[93.1983 ... 2.0557],,,,0.43161981921586845
ga,iris,arbol_decision,200.0,40.0,0.05,0.23333333333333334,7.0,0.5126349940424181,3.7857142857142856,0.44524943828582764,17.0,[24.2022 ... 0.3862],,,,0.431460461344433
ga,iris,mlp,50.0,120.0,0.05,0.1,3.0,0.2959479553069791,3.0,0.746550440788269,59.5,[4.5351 ... 0.1406],,,,0.4278942241358659
ga,iris,arbol_decision,50.0,80.0,0.15,0.35,10.5,0.7264831041967372,3.9615384615384617,0.35984933376312256,32.0,[5.4524 ... 0.0699],,,,0.4264385028972932
ga,iris,svm,200.0,120.0,0.15,0.6,18.0,0.7610331964623529,3.9705882352941178,1.4582949876785278,29.5,[16.8925 ... 1.1032],,,,0.4264057222331197
ga,iris,arbol_decision,50.0,120.0,0.15,0.23333333333333334,7.0,0.4841239174913803,4.0,0.5464528799057007,32.0,[5.4524 ... 0.0526],,,,0.4249659058494924
ga,iris,mlp,200.0,40.0,0.05,0.26666666666666666,8.0,0.5916491218282768,3.9375,0.3975712060928345,18.5,[17.3604 ... 1.2426],,,,0.42486109831267516
ga,iris,mlp,200.0,80.0,0.05,0.16666666666666666,5.0,0.3624369940491662,3.458333333333333,0.7873979806900024,35.0,[17.3604 ... 0.1707],,,,0.4228132755327928
ga,iris,svm,50.0,120.0,0.05,0.08333333333333333,2.5,0.28466136206272097,4.0,0.4628567695617676,69.5,[3.6326 ... 0.1298],,,,0.4226053012582212
ga,iris,arbol_decision,100.0,120.0,0.15,0.35,10.5,0.5969368894114025,3.95,0.814672589302063,19.0,[13.4763 ... 0.1149],,,,0.4219745652868334
ga,diabetes,mlp,50.0,80.0,0.15,0.31666666666666665,9.5,51.958578274720644,7.944444444444445,0.38792288303375244,26.5,[55.5299 ... 2.1222],,,,0.42093068545012136
ga,iris,svm,50.0,40.0,0.05,0.08333333333333333,2.5,0.448514296794722,3.5,0.15923702716827393,19.0,[3.6326 ... 1.2329],,,,0.4186059766551596
ga,iris,mlp,100.0,120.0,0.15,0.38333333333333336,11.5,0.6818616011533323,3.909090909090909,0.7929836511611938,84.5,[5.2013 ... 0.6782],,,,0.41653624470540157
ga,iris,svm,100.0,40.0,0.05,0.1,3.0,0.4436321664742703,3.6666666666666665,0.23477256298065186,22.0,[7.1695 ... 0.8566],,,,0.4160880011583867
ga,iris,arbol_decision,50.0,120.0,0.3,0.43333333333333335,13.0,0.8398275700206366,4.0,0.5409625768661499,35.0,[5.4524 ... 0.3127],,,,0.41498521247755654
ga,iris,svm,200.0,120.0,0.05,0.23333333333333334,7.0,0.4926352721920537,1.7857142857142856,1.4069879055023193,37.5,[16.8925 ... 0.0063],,,,0.4068511074424579
ga,iris,svm,50.0,80.0,0.3,0.4666666666666667,14.0,0.9817326606372093,4.0,0.3721557855606079,57.0,[3.6326 ... 0.6717],,,,0.40622810182872526
ga,iris,svm,50.0,80.0,0.15,0.3,9.0,0.7586737213274923,3.928571428571429,0.3611034154891968,68.0,[3.6326 ... 0.9092],,,,0.39897447692670485
ga,iris,svm,50.0,120.0,0.15,0.23333333333333334,7.0,0.6193447143728221,3.9,0.49863457679748535,88.5,[3.6326 ... 0.2671],,,,0.39704923094797645
ga,iris,mlp,100.0,80.0,0.15,0.3,9.0,0.7017053832380966,4.0,0.554009199142456,31.5,[5.2013 ... 1.0976],,,,0.39568756097621344
ga,iris,mlp,50.0,120.0,0.15,0.15,4.5,0.44671586615342757,3.75,0.7528380155563354,32.5,[4.5351 ... 0.2771],,,,0.39029131589411403
ga,iris,svm,50.0,120.0,0.3,0.38333333333333336,11.5,0.8587134898619326,4.0,0.5586987733840942,57.0,[3.6326 ... 0.5840],,,,0.3887138693530336
ga,iris,svm,100.0,120.0,0.15,0.4666666666666667,14.0,0.8275354252088369,4.0,1.0937975645065308,27.5,[7.1695 ... 0.5277],,,,0.3856332484260948
ga,iris,mlp,50.0,40.0,0.05,0.08333333333333333,2.5,0.5671398502470995,3.833333333333333,0.18142640590667725,26.0,[4.5351 ... 0.9374],,,,0.37827404977492873
ga,iris,svm,50.0,40.0,0.3,0.6,18.0,1.3766284017206478,3.9179566563467496,0.1891186237335205,11.5,[3.6326 ... 1.4255],,,,0.3763798254299276
ga,iris,svm,50.0,40.0,0.15,0.2833333333333333,8.5,0.875831424130433,4.0,0.17754006385803223,19.0,[3.6326 ... 1.4216],,,,0.3759463335989509
ga,iris,mlp,50.0,80.0,0.15,0.2833333333333333,8.5,0.8438410587659142,3.7857142857142856,0.37590789794921875,32.5,[4.5351 ... 0.2771],,,,0.37299915505294046
ga,iris,mlp,100.0,80.0,0.05,0.25,7.5,0.7694308723487342,3.916666666666667,0.5032342672348022,44.5,[5.2013 ... 0.6303],,,,0.3647595205549922
ga,iris,mlp,100.0,120.0,0.05,0.08333333333333333,2.5,0.4842269508179227,3.5,0.7569609880447388,76.0,[5.2013 ... 0.2987],,,,0.3599960188220433
ga,diabetes,svm,100.0,80.0,0.05,0.2,6.0,56.035855002206354,7.916666666666666,1.2960989475250244,28.0,[108.9234 ... 1.3988],,,,0.3459204623172473
ga,iris,mlp,100.0,40.0,0.05,0.15,4.5,0.9377506516186678,4.0,0.29462432861328125,25.5,[5.2013 ... 1.1355],,,,0.29716823365277667
